user,time,page
1,Time1,page_1
1,Time2,page_2
1,Time3,page_3
1,Time4,page_4
2,Time5,page_2
2,Time6,page_3
2,Time7,page_4
2,Time8,page_5
3,Time9,page_1
3,Time10,page_5
3,Time11,page_2
3,Time12,page_3
3,Time13,page_4
4,Time14,page_2
4,Time15,page_3
4,Time16,page_4
4,Time17,page_1
5,Time18,page_5
5,Time19,page_1
5,Time20,page_5
5,Time21,page_2
5,Time22,page_3
6,Time23,page_1
6,Time24,page_2
6,Time25,page_5
6,Time26,page_3
7,Time27,page_4
7,Time28,page_1
7,Time29,page_2
7,Time30,page_5
8,Time31,page_2
8,Time32,page_3
8,Time33,page_4
8,Time34,page_5
9,Time35,page_5
9,Time36,page_2
9,Time37,page_3
9,Time38,page_4
10,Time39,page_1
10,Time40,page_2
10,Time41,page_3
10,Time42,page_4
10,Time43,page_1
